DROP TABLE IF EXISTS `twms_backup`;CREATE TABLE `twms_backup` (
  `back_id` int(11) NOT NULL AUTO_INCREMENT,
  `back_name` varchar(50) DEFAULT NULL,
  `back_path` varchar(100) DEFAULT NULL,
  `back_datetime` timestamp NULL DEFAULT CURRENT_TIMESTAMP ON UPDATE CURRENT_TIMESTAMP,
  PRIMARY KEY (`back_id`)
) ENGINE=MyISAM AUTO_INCREMENT=2 DEFAULT CHARSET=utf8;insert into `twms_backup`(`back_id`,`back_name`,`back_path`,`back_datetime`) values('1','2017-08-10__17-33-53.sql','./Application/Storage/Backup/2017-08-10__17-33-53.sql','2017-08-10 17:33:53');DROP TABLE IF EXISTS `twms_customer`;CREATE TABLE `twms_customer` (
  `cust_id` int(10) unsigned NOT NULL AUTO_INCREMENT,
  `cust_name` varchar(15) DEFAULT NULL,
  `cust_comfullname` varchar(50) DEFAULT NULL,
  `cust_address` varchar(300) DEFAULT NULL,
  `cust_phone` varchar(20) DEFAULT NULL,
  PRIMARY KEY (`cust_id`)
) ENGINE=MyISAM AUTO_INCREMENT=5 DEFAULT CHARSET=utf8;insert into `twms_customer`(`cust_id`,`cust_name`,`cust_comfullname`,`cust_address`,`cust_phone`) values('1','客户一','','','');insert into `twms_customer`(`cust_id`,`cust_name`,`cust_comfullname`,`cust_address`,`cust_phone`) values('2','客户二','','','');insert into `twms_customer`(`cust_id`,`cust_name`,`cust_comfullname`,`cust_address`,`cust_phone`) values('3','客户三','','','');insert into `twms_customer`(`cust_id`,`cust_name`,`cust_comfullname`,`cust_address`,`cust_phone`) values('4','客户四','','','');DROP TABLE IF EXISTS `twms_employee`;CREATE TABLE `twms_employee` (
  `emp_id` int(11) NOT NULL AUTO_INCREMENT,
  `emp_name` varchar(30) DEFAULT NULL,
  `emp_phone` varchar(25) DEFAULT NULL,
  `emp_mobile` varchar(25) DEFAULT NULL,
  `emp_address` varchar(100) DEFAULT NULL,
  `emp_idnum` varchar(18) DEFAULT NULL,
  `emp_remark` varchar(300) DEFAULT NULL,
  `emp_isdefault` tinyint(1) DEFAULT NULL,
  `emp_isleave` tinyint(1) DEFAULT NULL,
  PRIMARY KEY (`emp_id`)
) ENGINE=MyISAM AUTO_INCREMENT=7 DEFAULT CHARSET=utf8;insert into `twms_employee`(`emp_id`,`emp_name`,`emp_phone`,`emp_mobile`,`emp_address`,`emp_idnum`,`emp_remark`,`emp_isdefault`,`emp_isleave`) values('1','唐宏明','0379-60660696','17737733873','','','','0','0');insert into `twms_employee`(`emp_id`,`emp_name`,`emp_phone`,`emp_mobile`,`emp_address`,`emp_idnum`,`emp_remark`,`emp_isdefault`,`emp_isleave`) values('2','辛长亮','0379-60660696','17737733821','','','','0','0');insert into `twms_employee`(`emp_id`,`emp_name`,`emp_phone`,`emp_mobile`,`emp_address`,`emp_idnum`,`emp_remark`,`emp_isdefault`,`emp_isleave`) values('3','李波','0379-60660696','17737733879','','','','0','0');insert into `twms_employee`(`emp_id`,`emp_name`,`emp_phone`,`emp_mobile`,`emp_address`,`emp_idnum`,`emp_remark`,`emp_isdefault`,`emp_isleave`) values('4','李飞','0379-60660696','17737733815','','','','0','0');insert into `twms_employee`(`emp_id`,`emp_name`,`emp_phone`,`emp_mobile`,`emp_address`,`emp_idnum`,`emp_remark`,`emp_isdefault`,`emp_isleave`) values('5','宋霖','0379-60660696','17737733850','','','','0','0');insert into `twms_employee`(`emp_id`,`emp_name`,`emp_phone`,`emp_mobile`,`emp_address`,`emp_idnum`,`emp_remark`,`emp_isdefault`,`emp_isleave`) values('6','邢旺','0379-60660696','17737733820','','','','0','0');DROP TABLE IF EXISTS `twms_instore_main`;CREATE TABLE `twms_instore_main` (
  `ism_id` int(11) unsigned NOT NULL AUTO_INCREMENT,
  `ism_sn` varchar(30) DEFAULT NULL,
  `ism_operator` int(11) DEFAULT NULL,
  `ism_writer` varchar(30) DEFAULT NULL,
  `ism_datetime` datetime DEFAULT NULL,
  `ism_phone` varchar(20) DEFAULT NULL,
  `ism_contactor` varchar(15) DEFAULT NULL,
  `ism_supplier` int(11) DEFAULT NULL,
  `ism_total` decimal(20,2) DEFAULT NULL,
  PRIMARY KEY (`ism_id`)
) ENGINE=MyISAM AUTO_INCREMENT=2 DEFAULT CHARSET=utf8 ROW_FORMAT=DYNAMIC;insert into `twms_instore_main`(`ism_id`,`ism_sn`,`ism_operator`,`ism_writer`,`ism_datetime`,`ism_phone`,`ism_contactor`,`ism_supplier`,`ism_total`) values('1','IN-20170812-003021-352','6','管理员','2017-08-12 00:32:06','','','1','6000.00');DROP TABLE IF EXISTS `twms_instore_sub`;CREATE TABLE `twms_instore_sub` (
  `iss_id` int(10) unsigned NOT NULL AUTO_INCREMENT,
  `iss_mainid` int(11) DEFAULT NULL,
  `iss_prod` int(11) DEFAULT NULL,
  `iss_prodname` varchar(50) DEFAULT NULL,
  `iss_cate` int(11) DEFAULT NULL,
  `iss_price` decimal(20,2) DEFAULT NULL,
  `iss_count` float(11,0) DEFAULT NULL,
  `iss_total` decimal(20,2) DEFAULT NULL,
  `iss_store` int(11) DEFAULT NULL,
  `iss_remark` varchar(300) DEFAULT NULL,
  `iss_datetime` datetime DEFAULT NULL,
  PRIMARY KEY (`iss_id`)
) ENGINE=MyISAM AUTO_INCREMENT=4 DEFAULT CHARSET=utf8;insert into `twms_instore_sub`(`iss_id`,`iss_mainid`,`iss_prod`,`iss_prodname`,`iss_cate`,`iss_price`,`iss_count`,`iss_total`,`iss_store`,`iss_remark`,`iss_datetime`) values('1','1','6','2.5寸300G','2','10.00','100','1000.00','1','','2017-08-12 00:32:06');insert into `twms_instore_sub`(`iss_id`,`iss_mainid`,`iss_prod`,`iss_prodname`,`iss_cate`,`iss_price`,`iss_count`,`iss_total`,`iss_store`,`iss_remark`,`iss_datetime`) values('2','1','7','2.5寸600G','2','10.00','200','2000.00','1','','2017-08-12 00:32:06');insert into `twms_instore_sub`(`iss_id`,`iss_mainid`,`iss_prod`,`iss_prodname`,`iss_cate`,`iss_price`,`iss_count`,`iss_total`,`iss_store`,`iss_remark`,`iss_datetime`) values('3','1','9','3.5寸3T','2','10.00','300','3000.00','1','','2017-08-12 00:32:06');DROP TABLE IF EXISTS `twms_log`;CREATE TABLE `twms_log` (
  `log_id` int(10) unsigned NOT NULL AUTO_INCREMENT,
  `log_operator_name` varchar(20) DEFAULT NULL,
  `log_operator_realname` varchar(20) DEFAULT NULL,
  `log_datetime` datetime DEFAULT NULL,
  `log_action` varchar(30) DEFAULT NULL,
  `log_ip` varchar(20) DEFAULT NULL,
  PRIMARY KEY (`log_id`)
) ENGINE=MyISAM AUTO_INCREMENT=82 DEFAULT CHARSET=utf8;insert into `twms_log`(`log_id`,`log_operator_name`,`log_operator_realname`,`log_datetime`,`log_action`,`log_ip`) values('1','admin','管理员','2017-08-10 17:07:32','用户登录','::1');insert into `twms_log`(`log_id`,`log_operator_name`,`log_operator_realname`,`log_datetime`,`log_action`,`log_ip`) values('2','admin','管理员','2017-08-10 17:33:53','备份数据库','::1');insert into `twms_log`(`log_id`,`log_operator_name`,`log_operator_realname`,`log_datetime`,`log_action`,`log_ip`) values('3','admin','管理员','2017-08-11 18:34:43','用户登录','::1');insert into `twms_log`(`log_id`,`log_operator_name`,`log_operator_realname`,`log_datetime`,`log_action`,`log_ip`) values('4','admin','管理员','2017-08-11 21:53:34','用户登录','::1');insert into `twms_log`(`log_id`,`log_operator_name`,`log_operator_realname`,`log_datetime`,`log_action`,`log_ip`) values('5','admin','管理员','2017-08-11 22:01:25','增加产品类别','::1');insert into `twms_log`(`log_id`,`log_operator_name`,`log_operator_realname`,`log_datetime`,`log_action`,`log_ip`) values('6','admin','管理员','2017-08-11 22:01:30','增加产品类别','::1');insert into `twms_log`(`log_id`,`log_operator_name`,`log_operator_realname`,`log_datetime`,`log_action`,`log_ip`) values('7','admin','管理员','2017-08-11 22:03:09','增加产品类别','::1');insert into `twms_log`(`log_id`,`log_operator_name`,`log_operator_realname`,`log_datetime`,`log_action`,`log_ip`) values('8','admin','管理员','2017-08-11 22:03:14','增加产品类别','::1');insert into `twms_log`(`log_id`,`log_operator_name`,`log_operator_realname`,`log_datetime`,`log_action`,`log_ip`) values('9','admin','管理员','2017-08-11 22:03:19','增加产品类别','::1');insert into `twms_log`(`log_id`,`log_operator_name`,`log_operator_realname`,`log_datetime`,`log_action`,`log_ip`) values('10','admin','管理员','2017-08-11 22:03:23','增加产品类别','::1');insert into `twms_log`(`log_id`,`log_operator_name`,`log_operator_realname`,`log_datetime`,`log_action`,`log_ip`) values('11','admin','管理员','2017-08-11 22:04:07','增加产品类别','::1');insert into `twms_log`(`log_id`,`log_operator_name`,`log_operator_realname`,`log_datetime`,`log_action`,`log_ip`) values('12','admin','管理员','2017-08-11 22:06:28','增加产品类别','::1');insert into `twms_log`(`log_id`,`log_operator_name`,`log_operator_realname`,`log_datetime`,`log_action`,`log_ip`) values('13','admin','管理员','2017-08-11 22:06:53','编辑产品类别','::1');insert into `twms_log`(`log_id`,`log_operator_name`,`log_operator_realname`,`log_datetime`,`log_action`,`log_ip`) values('14','admin','管理员','2017-08-11 22:08:33','增加供应商','::1');insert into `twms_log`(`log_id`,`log_operator_name`,`log_operator_realname`,`log_datetime`,`log_action`,`log_ip`) values('15','admin','管理员','2017-08-11 22:08:51','增加供应商','::1');insert into `twms_log`(`log_id`,`log_operator_name`,`log_operator_realname`,`log_datetime`,`log_action`,`log_ip`) values('16','admin','管理员','2017-08-11 22:23:51','增加仓库','::1');insert into `twms_log`(`log_id`,`log_operator_name`,`log_operator_realname`,`log_datetime`,`log_action`,`log_ip`) values('17','admin','管理员','2017-08-11 22:23:54','增加仓库','::1');insert into `twms_log`(`log_id`,`log_operator_name`,`log_operator_realname`,`log_datetime`,`log_action`,`log_ip`) values('18','admin','管理员','2017-08-11 22:23:54','增加仓库','::1');insert into `twms_log`(`log_id`,`log_operator_name`,`log_operator_realname`,`log_datetime`,`log_action`,`log_ip`) values('19','admin','管理员','2017-08-11 22:23:55','增加仓库','::1');insert into `twms_log`(`log_id`,`log_operator_name`,`log_operator_realname`,`log_datetime`,`log_action`,`log_ip`) values('20','admin','管理员','2017-08-11 22:23:55','增加仓库','::1');insert into `twms_log`(`log_id`,`log_operator_name`,`log_operator_realname`,`log_datetime`,`log_action`,`log_ip`) values('21','admin','管理员','2017-08-11 22:23:55','增加仓库','::1');insert into `twms_log`(`log_id`,`log_operator_name`,`log_operator_realname`,`log_datetime`,`log_action`,`log_ip`) values('22','admin','管理员','2017-08-11 22:23:55','增加仓库','::1');insert into `twms_log`(`log_id`,`log_operator_name`,`log_operator_realname`,`log_datetime`,`log_action`,`log_ip`) values('23','admin','管理员','2017-08-11 22:23:55','增加仓库','::1');insert into `twms_log`(`log_id`,`log_operator_name`,`log_operator_realname`,`log_datetime`,`log_action`,`log_ip`) values('24','admin','管理员','2017-08-11 22:23:56','增加仓库','::1');insert into `twms_log`(`log_id`,`log_operator_name`,`log_operator_realname`,`log_datetime`,`log_action`,`log_ip`) values('25','admin','管理员','2017-08-11 22:23:56','增加仓库','::1');insert into `twms_log`(`log_id`,`log_operator_name`,`log_operator_realname`,`log_datetime`,`log_action`,`log_ip`) values('26','admin','管理员','2017-08-11 22:23:56','增加仓库','::1');insert into `twms_log`(`log_id`,`log_operator_name`,`log_operator_realname`,`log_datetime`,`log_action`,`log_ip`) values('27','admin','管理员','2017-08-11 22:23:56','增加仓库','::1');insert into `twms_log`(`log_id`,`log_operator_name`,`log_operator_realname`,`log_datetime`,`log_action`,`log_ip`) values('28','admin','管理员','2017-08-11 22:23:56','增加仓库','::1');insert into `twms_log`(`log_id`,`log_operator_name`,`log_operator_realname`,`log_datetime`,`log_action`,`log_ip`) values('29','admin','管理员','2017-08-11 22:23:57','增加仓库','::1');insert into `twms_log`(`log_id`,`log_operator_name`,`log_operator_realname`,`log_datetime`,`log_action`,`log_ip`) values('30','admin','管理员','2017-08-11 22:23:57','增加仓库','::1');insert into `twms_log`(`log_id`,`log_operator_name`,`log_operator_realname`,`log_datetime`,`log_action`,`log_ip`) values('31','admin','管理员','2017-08-11 22:23:57','增加仓库','::1');insert into `twms_log`(`log_id`,`log_operator_name`,`log_operator_realname`,`log_datetime`,`log_action`,`log_ip`) values('32','admin','管理员','2017-08-11 22:23:57','增加仓库','::1');insert into `twms_log`(`log_id`,`log_operator_name`,`log_operator_realname`,`log_datetime`,`log_action`,`log_ip`) values('33','admin','管理员','2017-08-11 22:23:57','增加仓库','::1');insert into `twms_log`(`log_id`,`log_operator_name`,`log_operator_realname`,`log_datetime`,`log_action`,`log_ip`) values('34','admin','管理员','2017-08-11 22:23:58','增加仓库','::1');insert into `twms_log`(`log_id`,`log_operator_name`,`log_operator_realname`,`log_datetime`,`log_action`,`log_ip`) values('35','admin','管理员','2017-08-11 22:23:58','增加仓库','::1');insert into `twms_log`(`log_id`,`log_operator_name`,`log_operator_realname`,`log_datetime`,`log_action`,`log_ip`) values('36','admin','管理员','2017-08-11 22:23:58','增加仓库','::1');insert into `twms_log`(`log_id`,`log_operator_name`,`log_operator_realname`,`log_datetime`,`log_action`,`log_ip`) values('37','admin','管理员','2017-08-11 23:08:42','增加仓库','::1');insert into `twms_log`(`log_id`,`log_operator_name`,`log_operator_realname`,`log_datetime`,`log_action`,`log_ip`) values('38','admin','管理员','2017-08-11 23:10:27','增加仓库','::1');insert into `twms_log`(`log_id`,`log_operator_name`,`log_operator_realname`,`log_datetime`,`log_action`,`log_ip`) values('39','admin','管理员','2017-08-11 23:12:57','增加员工','::1');insert into `twms_log`(`log_id`,`log_operator_name`,`log_operator_realname`,`log_datetime`,`log_action`,`log_ip`) values('40','admin','管理员','2017-08-11 23:13:40','增加员工','::1');insert into `twms_log`(`log_id`,`log_operator_name`,`log_operator_realname`,`log_datetime`,`log_action`,`log_ip`) values('41','admin','管理员','2017-08-11 23:13:51','编辑员工','::1');insert into `twms_log`(`log_id`,`log_operator_name`,`log_operator_realname`,`log_datetime`,`log_action`,`log_ip`) values('42','admin','管理员','2017-08-11 23:16:02','增加员工','::1');insert into `twms_log`(`log_id`,`log_operator_name`,`log_operator_realname`,`log_datetime`,`log_action`,`log_ip`) values('43','admin','管理员','2017-08-11 23:16:29','增加员工','::1');insert into `twms_log`(`log_id`,`log_operator_name`,`log_operator_realname`,`log_datetime`,`log_action`,`log_ip`) values('44','admin','管理员','2017-08-11 23:18:27','增加员工','::1');insert into `twms_log`(`log_id`,`log_operator_name`,`log_operator_realname`,`log_datetime`,`log_action`,`log_ip`) values('45','admin','管理员','2017-08-11 23:41:59','编辑产品类别','::1');insert into `twms_log`(`log_id`,`log_operator_name`,`log_operator_realname`,`log_datetime`,`log_action`,`log_ip`) values('46','admin','管理员','2017-08-11 23:43:31','编辑产品类别','::1');insert into `twms_log`(`log_id`,`log_operator_name`,`log_operator_realname`,`log_datetime`,`log_action`,`log_ip`) values('47','admin','管理员','2017-08-11 23:43:44','增加产品类别','::1');insert into `twms_log`(`log_id`,`log_operator_name`,`log_operator_realname`,`log_datetime`,`log_action`,`log_ip`) values('48','admin','管理员','2017-08-11 23:44:05','增加产品类别','::1');insert into `twms_log`(`log_id`,`log_operator_name`,`log_operator_realname`,`log_datetime`,`log_action`,`log_ip`) values('49','admin','管理员','2017-08-11 23:54:05','增加员工','::1');insert into `twms_log`(`log_id`,`log_operator_name`,`log_operator_realname`,`log_datetime`,`log_action`,`log_ip`) values('50','admin','管理员','2017-08-11 23:54:39','添加用户','::1');insert into `twms_log`(`log_id`,`log_operator_name`,`log_operator_realname`,`log_datetime`,`log_action`,`log_ip`) values('51','admin','管理员','2017-08-11 23:55:06','添加用户','::1');insert into `twms_log`(`log_id`,`log_operator_name`,`log_operator_realname`,`log_datetime`,`log_action`,`log_ip`) values('52','admin','管理员','2017-08-11 23:55:29','添加用户','::1');insert into `twms_log`(`log_id`,`log_operator_name`,`log_operator_realname`,`log_datetime`,`log_action`,`log_ip`) values('53','admin','管理员','2017-08-11 23:55:45','添加用户','::1');insert into `twms_log`(`log_id`,`log_operator_name`,`log_operator_realname`,`log_datetime`,`log_action`,`log_ip`) values('54','admin','管理员','2017-08-11 23:56:04','添加用户','::1');insert into `twms_log`(`log_id`,`log_operator_name`,`log_operator_realname`,`log_datetime`,`log_action`,`log_ip`) values('55','admin','管理员','2017-08-11 23:56:17','添加用户','::1');insert into `twms_log`(`log_id`,`log_operator_name`,`log_operator_realname`,`log_datetime`,`log_action`,`log_ip`) values('56','admin','管理员','2017-08-12 00:10:16','增加仓库','::1');insert into `twms_log`(`log_id`,`log_operator_name`,`log_operator_realname`,`log_datetime`,`log_action`,`log_ip`) values('57','admin','管理员','2017-08-12 00:10:59','增加仓库','::1');insert into `twms_log`(`log_id`,`log_operator_name`,`log_operator_realname`,`log_datetime`,`log_action`,`log_ip`) values('58','admin','管理员','2017-08-12 00:22:07','添加产品','::1');insert into `twms_log`(`log_id`,`log_operator_name`,`log_operator_realname`,`log_datetime`,`log_action`,`log_ip`) values('59','admin','管理员','2017-08-12 00:24:00','添加产品','::1');insert into `twms_log`(`log_id`,`log_operator_name`,`log_operator_realname`,`log_datetime`,`log_action`,`log_ip`) values('60','admin','管理员','2017-08-12 00:24:53','添加产品','::1');insert into `twms_log`(`log_id`,`log_operator_name`,`log_operator_realname`,`log_datetime`,`log_action`,`log_ip`) values('61','admin','管理员','2017-08-12 00:25:11','添加产品','::1');insert into `twms_log`(`log_id`,`log_operator_name`,`log_operator_realname`,`log_datetime`,`log_action`,`log_ip`) values('62','admin','管理员','2017-08-12 00:25:23','添加产品','::1');insert into `twms_log`(`log_id`,`log_operator_name`,`log_operator_realname`,`log_datetime`,`log_action`,`log_ip`) values('63','admin','管理员','2017-08-12 00:26:26','添加产品','::1');insert into `twms_log`(`log_id`,`log_operator_name`,`log_operator_realname`,`log_datetime`,`log_action`,`log_ip`) values('64','admin','管理员','2017-08-12 00:26:37','添加产品','::1');insert into `twms_log`(`log_id`,`log_operator_name`,`log_operator_realname`,`log_datetime`,`log_action`,`log_ip`) values('65','admin','管理员','2017-08-12 00:27:06','添加产品','::1');insert into `twms_log`(`log_id`,`log_operator_name`,`log_operator_realname`,`log_datetime`,`log_action`,`log_ip`) values('66','admin','管理员','2017-08-12 00:27:23','添加产品','::1');insert into `twms_log`(`log_id`,`log_operator_name`,`log_operator_realname`,`log_datetime`,`log_action`,`log_ip`) values('67','admin','管理员','2017-08-12 00:27:55','编辑产品类别','::1');insert into `twms_log`(`log_id`,`log_operator_name`,`log_operator_realname`,`log_datetime`,`log_action`,`log_ip`) values('68','admin','管理员','2017-08-12 00:28:06','增加产品类别','::1');insert into `twms_log`(`log_id`,`log_operator_name`,`log_operator_realname`,`log_datetime`,`log_action`,`log_ip`) values('69','admin','管理员','2017-08-12 00:28:15','编辑产品类别','::1');insert into `twms_log`(`log_id`,`log_operator_name`,`log_operator_realname`,`log_datetime`,`log_action`,`log_ip`) values('70','admin','管理员','2017-08-12 00:28:28','增加产品类别','::1');insert into `twms_log`(`log_id`,`log_operator_name`,`log_operator_realname`,`log_datetime`,`log_action`,`log_ip`) values('71','admin','管理员','2017-08-12 00:28:59','删除产品类别','::1');insert into `twms_log`(`log_id`,`log_operator_name`,`log_operator_realname`,`log_datetime`,`log_action`,`log_ip`) values('72','admin','管理员','2017-08-12 00:29:41','添加产品','::1');insert into `twms_log`(`log_id`,`log_operator_name`,`log_operator_realname`,`log_datetime`,`log_action`,`log_ip`) values('73','admin','管理员','2017-08-12 00:29:54','添加产品','::1');insert into `twms_log`(`log_id`,`log_operator_name`,`log_operator_realname`,`log_datetime`,`log_action`,`log_ip`) values('74','admin','管理员','2017-08-12 00:30:03','添加产品','::1');insert into `twms_log`(`log_id`,`log_operator_name`,`log_operator_realname`,`log_datetime`,`log_action`,`log_ip`) values('75','admin','管理员','2017-08-12 00:30:13','添加产品','::1');insert into `twms_log`(`log_id`,`log_operator_name`,`log_operator_realname`,`log_datetime`,`log_action`,`log_ip`) values('76','admin','管理员','2017-08-12 00:32:06','添加入库记录','::1');insert into `twms_log`(`log_id`,`log_operator_name`,`log_operator_realname`,`log_datetime`,`log_action`,`log_ip`) values('77','admin','管理员','2017-08-12 00:32:40','增加客户','::1');insert into `twms_log`(`log_id`,`log_operator_name`,`log_operator_realname`,`log_datetime`,`log_action`,`log_ip`) values('78','admin','管理员','2017-08-12 00:32:47','增加客户','::1');insert into `twms_log`(`log_id`,`log_operator_name`,`log_operator_realname`,`log_datetime`,`log_action`,`log_ip`) values('79','admin','管理员','2017-08-12 00:32:52','增加客户','::1');insert into `twms_log`(`log_id`,`log_operator_name`,`log_operator_realname`,`log_datetime`,`log_action`,`log_ip`) values('80','admin','管理员','2017-08-12 00:32:57','增加客户','::1');insert into `twms_log`(`log_id`,`log_operator_name`,`log_operator_realname`,`log_datetime`,`log_action`,`log_ip`) values('81','admin','管理员','2017-08-12 00:33:37','添加出库记录','::1');DROP TABLE IF EXISTS `twms_notice`;CREATE TABLE `twms_notice` (
  `ntc_id` int(11) unsigned NOT NULL AUTO_INCREMENT,
  `ntc_title` varchar(200) DEFAULT NULL,
  `ntc_content` varchar(1000) DEFAULT NULL,
  `ntc_author` varchar(15) DEFAULT NULL,
  `ntc_datetime` timestamp NULL DEFAULT CURRENT_TIMESTAMP ON UPDATE CURRENT_TIMESTAMP,
  PRIMARY KEY (`ntc_id`)
) ENGINE=MyISAM DEFAULT CHARSET=utf8;DROP TABLE IF EXISTS `twms_outstore_main`;CREATE TABLE `twms_outstore_main` (
  `osm_id` int(11) unsigned NOT NULL AUTO_INCREMENT,
  `osm_sn` varchar(30) DEFAULT NULL,
  `osm_customer` int(11) DEFAULT NULL,
  `osm_datetime` datetime DEFAULT NULL,
  `osm_operator` int(11) DEFAULT NULL,
  `osm_phone` varchar(30) DEFAULT NULL,
  `osm_writer` varchar(30) DEFAULT NULL,
  `osm_total` decimal(20,2) DEFAULT NULL,
  PRIMARY KEY (`osm_id`)
) ENGINE=MyISAM AUTO_INCREMENT=2 DEFAULT CHARSET=utf8;insert into `twms_outstore_main`(`osm_id`,`osm_sn`,`osm_customer`,`osm_datetime`,`osm_operator`,`osm_phone`,`osm_writer`,`osm_total`) values('1','OU-20170812-003312-307','1','2017-08-12 00:33:37','6','','管理员','100.00');DROP TABLE IF EXISTS `twms_outstore_sub`;CREATE TABLE `twms_outstore_sub` (
  `oss_id` int(11) unsigned NOT NULL AUTO_INCREMENT,
  `oss_prod` int(11) DEFAULT NULL,
  `oss_prodname` varchar(50) DEFAULT NULL,
  `oss_cate` int(11) DEFAULT NULL,
  `oss_count` int(11) DEFAULT NULL,
  `oss_price` decimal(20,2) DEFAULT NULL,
  `oss_total` decimal(20,2) DEFAULT NULL,
  `oss_store` int(11) DEFAULT NULL,
  `oss_remark` varchar(300) DEFAULT NULL,
  `oss_datetime` datetime DEFAULT NULL,
  `oss_mainid` int(11) DEFAULT NULL,
  `oss_stockid` int(11) DEFAULT NULL COMMENT '引用的入仓子表id',
  PRIMARY KEY (`oss_id`)
) ENGINE=MyISAM AUTO_INCREMENT=2 DEFAULT CHARSET=utf8 ROW_FORMAT=DYNAMIC;insert into `twms_outstore_sub`(`oss_id`,`oss_prod`,`oss_prodname`,`oss_cate`,`oss_count`,`oss_price`,`oss_total`,`oss_store`,`oss_remark`,`oss_datetime`,`oss_mainid`,`oss_stockid`) values('1','6','2.5寸300G','2','10','10.00','100.00','1','','2017-08-12 00:33:37','1','1');DROP TABLE IF EXISTS `twms_prod_cate`;CREATE TABLE `twms_prod_cate` (
  `pdca_id` int(10) unsigned NOT NULL AUTO_INCREMENT,
  `pdca_name` varchar(30) DEFAULT NULL,
  PRIMARY KEY (`pdca_id`)
) ENGINE=MyISAM AUTO_INCREMENT=13 DEFAULT CHARSET=utf8;insert into `twms_prod_cate`(`pdca_id`,`pdca_name`) values('2','硬盘SAS');insert into `twms_prod_cate`(`pdca_id`,`pdca_name`) values('3','光网卡');insert into `twms_prod_cate`(`pdca_id`,`pdca_name`) values('4','电网卡');insert into `twms_prod_cate`(`pdca_id`,`pdca_name`) values('5','风扇');insert into `twms_prod_cate`(`pdca_id`,`pdca_name`) values('6','电源');insert into `twms_prod_cate`(`pdca_id`,`pdca_name`) values('7','光模块');insert into `twms_prod_cate`(`pdca_id`,`pdca_name`) values('8','托架');insert into `twms_prod_cate`(`pdca_id`,`pdca_name`) values('9','硬盘SATA');insert into `twms_prod_cate`(`pdca_id`,`pdca_name`) values('10','硬盘SSD');insert into `twms_prod_cate`(`pdca_id`,`pdca_name`) values('11','内存DDR3');insert into `twms_prod_cate`(`pdca_id`,`pdca_name`) values('12','内存DDR4');DROP TABLE IF EXISTS `twms_product`;CREATE TABLE `twms_product` (
  `prod_id` int(10) unsigned NOT NULL AUTO_INCREMENT,
  `prod_name` varchar(30) DEFAULT NULL,
  `prod_price` decimal(20,2) DEFAULT NULL,
  `prod_count` int(11) DEFAULT NULL,
  `prod_cate` int(11) DEFAULT NULL,
  PRIMARY KEY (`prod_id`)
) ENGINE=MyISAM AUTO_INCREMENT=14 DEFAULT CHARSET=utf8;insert into `twms_product`(`prod_id`,`prod_name`,`prod_price`,`prod_count`,`prod_cate`) values('1','2.5寸300G','10.00','','10');insert into `twms_product`(`prod_id`,`prod_name`,`prod_price`,`prod_count`,`prod_cate`) values('2','2.5寸600G','10.00','','10');insert into `twms_product`(`prod_id`,`prod_name`,`prod_price`,`prod_count`,`prod_cate`) values('3','3.5寸2T','10.00','','9');insert into `twms_product`(`prod_id`,`prod_name`,`prod_price`,`prod_count`,`prod_cate`) values('4','3.5寸3T','10.00','','9');insert into `twms_product`(`prod_id`,`prod_name`,`prod_price`,`prod_count`,`prod_cate`) values('5','3.5寸4T','10.00','','9');insert into `twms_product`(`prod_id`,`prod_name`,`prod_price`,`prod_count`,`prod_cate`) values('6','2.5寸300G','10.00','','2');insert into `twms_product`(`prod_id`,`prod_name`,`prod_price`,`prod_count`,`prod_cate`) values('7','2.5寸600G','10.00','','2');insert into `twms_product`(`prod_id`,`prod_name`,`prod_price`,`prod_count`,`prod_cate`) values('8','3.5寸600G','10.00','','2');insert into `twms_product`(`prod_id`,`prod_name`,`prod_price`,`prod_count`,`prod_cate`) values('9','3.5寸3T','10.00','','2');insert into `twms_product`(`prod_id`,`prod_name`,`prod_price`,`prod_count`,`prod_cate`) values('10','8G','20.00','','11');insert into `twms_product`(`prod_id`,`prod_name`,`prod_price`,`prod_count`,`prod_cate`) values('11','16G','20.00','','11');insert into `twms_product`(`prod_id`,`prod_name`,`prod_price`,`prod_count`,`prod_cate`) values('12','16G','20.00','','12');insert into `twms_product`(`prod_id`,`prod_name`,`prod_price`,`prod_count`,`prod_cate`) values('13','32G','20.00','','12');DROP TABLE IF EXISTS `twms_setting`;CREATE TABLE `twms_setting` (
  `set_id` tinyint(1) DEFAULT '1',
  `set_list_pagesize` tinyint(3) DEFAULT NULL,
  `set_index_notice_pagesize` tinyint(3) DEFAULT NULL,
  `set_graph_count_start` datetime DEFAULT NULL,
  `set_graph_count_end` datetime DEFAULT NULL,
  `set_graph_amount_start` datetime DEFAULT NULL,
  `set_graph_amount_end` datetime DEFAULT NULL
) ENGINE=MyISAM DEFAULT CHARSET=utf8;insert into `twms_setting`(`set_id`,`set_list_pagesize`,`set_index_notice_pagesize`,`set_graph_count_start`,`set_graph_count_end`,`set_graph_amount_start`,`set_graph_amount_end`) values('1','20','10','','','','');DROP TABLE IF EXISTS `twms_stock`;CREATE TABLE `twms_stock` (
  `stk_id` int(11) NOT NULL AUTO_INCREMENT,
  `stk_inmainid` int(11) DEFAULT NULL,
  `stk_prod` int(11) DEFAULT NULL,
  `stk_prodname` varchar(50) DEFAULT NULL,
  `stk_cate` int(11) DEFAULT NULL,
  `stk_price` decimal(20,2) DEFAULT NULL,
  `stk_count` int(11) DEFAULT NULL,
  `stk_total` decimal(20,2) DEFAULT NULL,
  `stk_store` int(11) DEFAULT NULL,
  `stk_remark` varchar(300) DEFAULT NULL,
  `stk_datetime` datetime DEFAULT NULL,
  PRIMARY KEY (`stk_id`)
) ENGINE=MyISAM AUTO_INCREMENT=4 DEFAULT CHARSET=utf8;insert into `twms_stock`(`stk_id`,`stk_inmainid`,`stk_prod`,`stk_prodname`,`stk_cate`,`stk_price`,`stk_count`,`stk_total`,`stk_store`,`stk_remark`,`stk_datetime`) values('1','1','6','2.5寸300G','2','10.00','90','900.00','1','','2017-08-12 00:32:06');insert into `twms_stock`(`stk_id`,`stk_inmainid`,`stk_prod`,`stk_prodname`,`stk_cate`,`stk_price`,`stk_count`,`stk_total`,`stk_store`,`stk_remark`,`stk_datetime`) values('2','1','7','2.5寸600G','2','10.00','200','2000.00','1','','2017-08-12 00:32:06');insert into `twms_stock`(`stk_id`,`stk_inmainid`,`stk_prod`,`stk_prodname`,`stk_cate`,`stk_price`,`stk_count`,`stk_total`,`stk_store`,`stk_remark`,`stk_datetime`) values('3','1','9','3.5寸3T','2','10.00','300','3000.00','1','','2017-08-12 00:32:06');DROP TABLE IF EXISTS `twms_store`;CREATE TABLE `twms_store` (
  `sto_id` int(11) unsigned NOT NULL AUTO_INCREMENT,
  `sto_name` varchar(20) DEFAULT NULL,
  `sto_address` varchar(50) DEFAULT NULL,
  `sto_storer` varchar(15) DEFAULT NULL,
  `sto_phone` varchar(20) DEFAULT NULL,
  `sto_mobile` varchar(15) DEFAULT NULL,
  `sto_isdefault` tinyint(11) DEFAULT NULL,
  `sto_remark` varchar(300) DEFAULT NULL,
  PRIMARY KEY (`sto_id`)
) ENGINE=MyISAM AUTO_INCREMENT=5 DEFAULT CHARSET=utf8;insert into `twms_store`(`sto_id`,`sto_name`,`sto_address`,`sto_storer`,`sto_phone`,`sto_mobile`,`sto_isdefault`,`sto_remark`) values('1','360配件仓库','三楼北弱电间','网络组','0379-60660696','','','');insert into `twms_store`(`sto_id`,`sto_name`,`sto_address`,`sto_storer`,`sto_phone`,`sto_mobile`,`sto_isdefault`,`sto_remark`) values('2','360设备仓库','三楼北会客室','网络组','0379-60660696','','','');insert into `twms_store`(`sto_id`,`sto_name`,`sto_address`,`sto_storer`,`sto_phone`,`sto_mobile`,`sto_isdefault`,`sto_remark`) values('3','360故障配件仓库','三楼北弱电间','网络组','0379-60660696','','','');insert into `twms_store`(`sto_id`,`sto_name`,`sto_address`,`sto_storer`,`sto_phone`,`sto_mobile`,`sto_isdefault`,`sto_remark`) values('4','360故障设备仓库','三楼北会客室','网络组','0379-60660696','','','');DROP TABLE IF EXISTS `twms_supplier`;CREATE TABLE `twms_supplier` (
  `sup_id` int(11) NOT NULL AUTO_INCREMENT,
  `sup_name` varchar(50) DEFAULT NULL,
  `sup_linkman` varchar(20) DEFAULT NULL,
  `sup_phone` varchar(20) DEFAULT NULL,
  `sup_mobile` varchar(20) DEFAULT NULL,
  `sup_fax` varchar(20) DEFAULT NULL,
  `sup_address` varchar(200) DEFAULT NULL,
  `sup_remark` varchar(300) DEFAULT NULL,
  PRIMARY KEY (`sup_id`)
) ENGINE=MyISAM AUTO_INCREMENT=3 DEFAULT CHARSET=utf8;insert into `twms_supplier`(`sup_id`,`sup_name`,`sup_linkman`,`sup_phone`,`sup_mobile`,`sup_fax`,`sup_address`,`sup_remark`) values('1','奇虎360','周士忠','010-58781111','','','','');insert into `twms_supplier`(`sup_id`,`sup_name`,`sup_linkman`,`sup_phone`,`sup_mobile`,`sup_fax`,`sup_address`,`sup_remark`) values('2','郑州景安','无','','','','','');DROP TABLE IF EXISTS `twms_user`;CREATE TABLE `twms_user` (
  `user_id` int(11) unsigned NOT NULL AUTO_INCREMENT,
  `user_name` varchar(20) DEFAULT NULL,
  `user_realname` varchar(20) DEFAULT NULL,
  `user_password` varchar(32) DEFAULT NULL,
  `user_lastlogindate` timestamp NULL DEFAULT CURRENT_TIMESTAMP,
  `user_lastloginip` varchar(20) DEFAULT NULL,
  `user_type` int(5) DEFAULT NULL,
  PRIMARY KEY (`user_id`)
) ENGINE=MyISAM AUTO_INCREMENT=8 DEFAULT CHARSET=utf8;insert into `twms_user`(`user_id`,`user_name`,`user_realname`,`user_password`,`user_lastlogindate`,`user_lastloginip`,`user_type`) values('1','admin','管理员','21232f297a57a5a743894a0e4a801fc3','2017-08-11 21:53:34','::1','1');insert into `twms_user`(`user_id`,`user_name`,`user_realname`,`user_password`,`user_lastlogindate`,`user_lastloginip`,`user_type`) values('2','thm','唐宏明','202cb962ac59075b964b07152d234b70','2017-08-11 23:54:39','','1');insert into `twms_user`(`user_id`,`user_name`,`user_realname`,`user_password`,`user_lastlogindate`,`user_lastloginip`,`user_type`) values('3','xcl','辛长亮','202cb962ac59075b964b07152d234b70','2017-08-11 23:55:06','','1');insert into `twms_user`(`user_id`,`user_name`,`user_realname`,`user_password`,`user_lastlogindate`,`user_lastloginip`,`user_type`) values('4','lb','李波','202cb962ac59075b964b07152d234b70','2017-08-11 23:55:29','','1');insert into `twms_user`(`user_id`,`user_name`,`user_realname`,`user_password`,`user_lastlogindate`,`user_lastloginip`,`user_type`) values('5','lf','李飞','202cb962ac59075b964b07152d234b70','2017-08-11 23:55:45','','1');insert into `twms_user`(`user_id`,`user_name`,`user_realname`,`user_password`,`user_lastlogindate`,`user_lastloginip`,`user_type`) values('6','sl','宋霖','202cb962ac59075b964b07152d234b70','2017-08-11 23:56:04','','1');insert into `twms_user`(`user_id`,`user_name`,`user_realname`,`user_password`,`user_lastlogindate`,`user_lastloginip`,`user_type`) values('7','xw','邢旺','202cb962ac59075b964b07152d234b70','2017-08-11 23:56:17','','1');